;Datetime;Value;market
0;2023-07-15T12:00:00Z;227,5074439;0,227507444
1;2023-07-15T12:00:00Z;260,9141141;0,260914114
2;2023-07-15T12:00:00Z;179,6160064;0,179616006
3;2023-07-15T12:00:00Z;279,9355228;0,279935523
4;2023-07-15T13:00:00Z;204,9735375;0,204973538
5;2023-07-15T13:00:00Z;248,595385;0,248595385
6;2023-07-15T13:00:00Z;150,9005268;0,150900527
7;2023-07-15T13:00:00Z;269,3908777;0,269390878
8;2023-07-15T14:00:00Z;178,5919618;0,178591962
9;2023-07-15T14:00:00Z;249,6506797;0,24965068
10;2023-07-15T14:00:00Z;146,6258801;0,14662588
11;2023-07-15T14:00:00Z;267,628421;0,267628421
12;2023-07-15T15:00:00Z;164,6980924;0,164698092
13;2023-07-15T15:00:00Z;268,2068491;0,268206849
14;2023-07-15T15:00:00Z;157,4995034;0,157499503
15;2023-07-15T15:00:00Z;278,4858078;0,278485808
16;2023-07-15T16:00:00Z;160,4819668;0,160481967
17;2023-07-15T16:00:00Z;263,4464975;0,263446497
18;2023-07-15T16:00:00Z;132,9152364;0,132915236
19;2023-07-15T16:00:00Z;266,0489938;0,266048994
20;2023-07-15T17:00:00Z;170,7457035;0,170745703
21;2023-07-15T17:00:00Z;255,4888906;0,255488891
22;2023-07-15T17:00:00Z;168,7711748;0,168771175
23;2023-07-15T17:00:00Z;263,0767783;0,263076778
24;2023-07-15T18:00:00Z;168,7251017;0,168725102
25;2023-07-15T18:00:00Z;249,4326213;0,249432621
26;2023-07-15T18:00:00Z;163,2949204;0,16329492
27;2023-07-15T18:00:00Z;245,5789692;0,245578969
28;2023-07-15T19:00:00Z;158,1988205;0,15819882
29;2023-07-15T19:00:00Z;222,2610752;0,222261075
30;2023-07-15T19:00:00Z;147,5005836;0,147500584
31;2023-07-15T19:00:00Z;215,3249394;0,215324939
32;2023-07-15T20:00:00Z;159,0750733;0,159075073
33;2023-07-15T20:00:00Z;225,0713094;0,225071309
34;2023-07-15T20:00:00Z;146,8313265;0,146831327
35;2023-07-15T20:00:00Z;235,632107;0,235632107
36;2023-07-15T21:00:00Z;173,5169477;0,173516948
37;2023-07-15T21:00:00Z;247,5050419;0,247505042
38;2023-07-15T21:00:00Z;182,9151826;0,182915183
39;2023-07-15T21:00:00Z;254,8153157;0,254815316
40;2023-07-15T22:00:00Z;164,1078679;0,164107868
41;2023-07-15T22:00:00Z;253,3015149;0,253301515
42;2023-07-15T22:00:00Z;168,3144148;0,168314415
43;2023-07-15T22:00:00Z;205,7943862;0,205794386
44;2023-07-15T23:00:00Z;167,8543428;0,167854343
45;2023-07-15T23:00:00Z;294,8575087;0,294857509
46;2023-07-15T23:00:00Z;185,652293;0,185652293
47;2023-07-15T23:00:00Z;200,6252829;0,200625283
48;2023-07-16T00:00:00Z;196,367477;0,196367477
49;2023-07-16T00:00:00Z;243,4889808;0,243488981
50;2023-07-16T00:00:00Z;175,0602539;0,175060254
51;2023-07-16T00:00:00Z;239,9199304;0,23991993
52;2023-07-16T01:00:00Z;203,1041929;0,203104193
53;2023-07-16T01:00:00Z;249,246327;0,249246327
54;2023-07-16T01:00:00Z;185,4560537;0,185456054
55;2023-07-16T01:00:00Z;236,2165509;0,236216551
56;2023-07-16T02:00:00Z;200,0347679;0,200034768
57;2023-07-16T02:00:00Z;248,4869647;0,248486965
58;2023-07-16T02:00:00Z;184,2563243;0,184256324
59;2023-07-16T02:00:00Z;237,2052533;0,237205253
60;2023-07-16T03:00:00Z;229,5903857;0,229590386
61;2023-07-16T03:00:00Z;254,5515737;0,254551574
62;2023-07-16T03:00:00Z;242,3170646;0,242317065
63;2023-07-16T03:00:00Z;245,852498;0,245852498
64;2023-07-16T04:00:00Z;194,2118436;0,194211844
65;2023-07-16T04:00:00Z;259,9118051;0,259911805
66;2023-07-16T04:00:00Z;235,4379845;0,235437985
67;2023-07-16T04:00:00Z;251,3819979;0,251381998
68;2023-07-16T05:00:00Z;185,5526406;0,185552641
69;2023-07-16T05:00:00Z;248,7356382;0,248735638
70;2023-07-16T05:00:00Z;238,9983398;0,23899834
71;2023-07-16T05:00:00Z;244,4964538;0,244496454
72;2023-07-16T06:00:00Z;196,1658351;0,196165835
73;2023-07-16T06:00:00Z;233,4572084;0,233457208
74;2023-07-16T06:00:00Z;226,2803696;0,22628037
75;2023-07-16T06:00:00Z;221,2512671;0,221251267
76;2023-07-16T07:00:00Z;169,6528128;0,169652813
77;2023-07-16T07:00:00Z;210,7583723;0,210758372
78;2023-07-16T07:00:00Z;169,4562334;0,169456233
79;2023-07-16T07:00:00Z;191,9002894;0,191900289
80;2023-07-16T08:00:00Z;152,2842213;0,152284221
81;2023-07-16T08:00:00Z;196,3468105;0,196346811
82;2023-07-16T08:00:00Z;160,2517218;0,160251722
83;2023-07-16T08:00:00Z;184,1994685;0,184199468
84;2023-07-16T09:00:00Z;146,5983221;0,146598322
85;2023-07-16T09:00:00Z;178,720267;0,178720267
86;2023-07-16T09:00:00Z;153,071979;0,153071979
87;2023-07-16T09:00:00Z;165,1872052;0,165187205
88;2023-07-16T10:00:00Z;164,1057419;0,164105742
89;2023-07-16T10:00:00Z;180,8507447;0,180850745
90;2023-07-16T10:00:00Z;164,2845382;0,164284538
91;2023-07-16T10:00:00Z;163,2232202;0,16322322
92;2023-07-16T11:00:00Z;158,0439138;0,158043914
93;2023-07-16T11:00:00Z;178,3151345;0,178315135
94;2023-07-16T11:00:00Z;142,2250364;0,142225036
95;2023-07-16T11:00:00Z;156,9290116;0,156929012
96;2023-07-16T12:00:00Z;160,3938553;0,160393855
97;2023-07-16T12:00:00Z;177,6791878;0,177679188
98;2023-07-16T12:00:00Z;145,6626496;0,14566265
99;2023-07-16T12:00:00Z;159,5929405;0,15959294
100;2023-07-16T13:00:00Z;153,88932;0,15388932
101;2023-07-16T13:00:00Z;171,4860385;0,171486038
102;2023-07-16T13:00:00Z;158,2496969;0,158249697
103;2023-07-16T13:00:00Z;170,9833891;0,170983389
104;2023-07-16T14:00:00Z;163,1085008;0,163108501
105;2023-07-16T14:00:00Z;183,2587893;0,183258789
106;2023-07-16T14:00:00Z;156,1336775;0,156133677
107;2023-07-16T14:00:00Z;179,6032913;0,179603291
108;2023-07-16T15:00:00Z;156,5704633;0,156570463
109;2023-07-16T15:00:00Z;184,793041;0,184793041
110;2023-07-16T15:00:00Z;150,2094121;0,150209412
111;2023-07-16T15:00:00Z;186,7277121;0,186727712
112;2023-07-16T16:00:00Z;143,5062598;0,14350626
113;2023-07-16T16:00:00Z;182,4737884;0,182473788
114;2023-07-16T16:00:00Z;146,7422956;0,146742296
115;2023-07-16T16:00:00Z;185,3333461;0,185333346
116;2023-07-16T17:00:00Z;155,6668444;0,155666844
117;2023-07-16T17:00:00Z;169,2890774;0,169289077
118;2023-07-16T17:00:00Z;140,4955229;0,140495523
119;2023-07-16T17:00:00Z;173,5605734;0,173560573
120;2023-07-16T18:00:00Z;158,5051007;0,158505101
121;2023-07-16T18:00:00Z;172,9046711;0,172904671
122;2023-07-16T18:00:00Z;163,9818623;0,163981862
123;2023-07-16T18:00:00Z;184,7906086;0,184790609
124;2023-07-16T19:00:00Z;163,5422306;0,163542231
125;2023-07-16T19:00:00Z;160,2970413;0,160297041
126;2023-07-16T19:00:00Z;169,2084582;0,169208458
127;2023-07-16T19:00:00Z;169,6534298;0,16965343
128;2023-07-16T20:00:00Z;155,3713796;0,15537138
129;2023-07-16T20:00:00Z;170,8905248;0,170890525
130;2023-07-16T20:00:00Z;161,9457894;0,161945789
131;2023-07-16T20:00:00Z;185,0943375;0,185094338
132;2023-07-16T21:00:00Z;167,6762999;0,1676763
133;2023-07-16T21:00:00Z;176,8555319;0,176855532
134;2023-07-16T21:00:00Z;170,1361332;0,170136133
135;2023-07-16T21:00:00Z;172,7512874;0,172751287
136;2023-07-16T22:00:00Z;181,2246564;0,181224656
137;2023-07-16T22:00:00Z;198,833682;0,198833682
138;2023-07-16T22:00:00Z;174,9448875;0,174944888
139;2023-07-16T22:00:00Z;147,8950074;0,147895007
140;2023-07-16T23:00:00Z;186,3799618;0,186379962
141;2023-07-16T23:00:00Z;218,6115166;0,218611517
142;2023-07-16T23:00:00Z;179,4350819;0,179435082
143;2023-07-16T23:00:00Z;175,1477862;0,175147786
144;2023-07-17T00:00:00Z;173,3171329;0,173317133
145;2023-07-17T00:00:00Z;198,5269854;0,198526985
146;2023-07-17T00:00:00Z;198,8917401;0,19889174
147;2023-07-17T00:00:00Z;234,566324;0,234566324
148;2023-07-17T01:00:00Z;186,212147;0,186212147
149;2023-07-17T01:00:00Z;211,9051596;0,21190516
150;2023-07-17T01:00:00Z;191,1647718;0,191164772
151;2023-07-17T01:00:00Z;229,3991249;0,229399125
152;2023-07-17T02:00:00Z;200,8774964;0,200877496
153;2023-07-17T02:00:00Z;208,1543444;0,208154344
154;2023-07-17T02:00:00Z;210,8635663;0,210863566
155;2023-07-17T02:00:00Z;238,1004436;0,238100444
156;2023-07-17T03:00:00Z;199,4835675;0,199483568
157;2023-07-17T03:00:00Z;210,5620227;0,210562023
158;2023-07-17T03:00:00Z;217,8859033;0,217885903
159;2023-07-17T03:00:00Z;237,3402309;0,237340231
160;2023-07-17T04:00:00Z;230,7310727;0,230731073
161;2023-07-17T04:00:00Z;210,1476886;0,210147689
162;2023-07-17T04:00:00Z;233,3362412;0,233336241
163;2023-07-17T04:00:00Z;235,4512577;0,235451258
164;2023-07-17T05:00:00Z;227,4093141;0,227409314
165;2023-07-17T05:00:00Z;199,9582462;0,199958246
166;2023-07-17T05:00:00Z;212,5578962;0,212557896
167;2023-07-17T05:00:00Z;236,6724654;0,236672465
168;2023-07-17T06:00:00Z;185,8803526;0,185880353
169;2023-07-17T06:00:00Z;183,7435966;0,183743597
170;2023-07-17T06:00:00Z;196,6547473;0,196654747
171;2023-07-17T06:00:00Z;194,249878;0,194249878
172;2023-07-17T07:00:00Z;159,7497038;0,159749704
173;2023-07-17T07:00:00Z;167,6721652;0,167672165
174;2023-07-17T07:00:00Z;179,7414822;0,179741482
175;2023-07-17T07:00:00Z;201,0008654;0,201000865
176;2023-07-17T08:00:00Z;188,7052358;0,188705236
177;2023-07-17T08:00:00Z;191,3421293;0,191342129
178;2023-07-17T08:00:00Z;207,1734524;0,207173452
179;2023-07-17T08:00:00Z;182,3323311;0,182332331
180;2023-07-17T09:00:00Z;182,8209063;0,182820906
181;2023-07-17T09:00:00Z;188,7828524;0,188782852
182;2023-07-17T09:00:00Z;199,9927507;0,199992751
183;2023-07-17T09:00:00Z;186,4716208;0,186471621
184;2023-07-17T10:00:00Z;195,6462269;0,195646227
185;2023-07-17T10:00:00Z;186,5485684;0,186548568
186;2023-07-17T10:00:00Z;201,8626805;0,20186268
187;2023-07-17T10:00:00Z;179,9244856;0,179924486
188;2023-07-17T11:00:00Z;175,1685925;0,175168592
189;2023-07-17T11:00:00Z;193,543435;0,193543435
190;2023-07-17T11:00:00Z;190,6974361;0,190697436
191;2023-07-17T11:00:00Z;183,0447521;0,183044752
192;2023-07-17T12:00:00Z;168,50652;0,16850652
193;2023-07-17T12:00:00Z;192,7911356;0,192791136
194;2023-07-17T12:00:00Z;185,5773357;0,185577336
195;2023-07-17T12:00:00Z;183,9180308;0,183918031
196;2023-07-17T13:00:00Z;184,6588976;0,184658898
197;2023-07-17T13:00:00Z;198,2268879;0,198226888
198;2023-07-17T13:00:00Z;190,8828503;0,19088285
199;2023-07-17T13:00:00Z;182,9988853;0,182998885
200;2023-07-17T14:00:00Z;184,4035379;0,184403538
201;2023-07-17T14:00:00Z;199,810366;0,199810366
202;2023-07-17T14:00:00Z;178,3474069;0,178347407
203;2023-07-17T14:00:00Z;180,0946476;0,180094648
204;2023-07-17T15:00:00Z;174,793958;0,174793958
205;2023-07-17T15:00:00Z;209,2510762;0,209251076
206;2023-07-17T15:00:00Z;177,6283147;0,177628315
207;2023-07-17T15:00:00Z;177,4645576;0,177464558
208;2023-07-17T16:00:00Z;192,5647977;0,192564798
209;2023-07-17T16:00:00Z;203,8494452;0,203849445
210;2023-07-17T16:00:00Z;199,9107837;0,199910784
211;2023-07-17T16:00:00Z;177,417485;0,177417485
212;2023-07-17T17:00:00Z;192,8264966;0,192826497
213;2023-07-17T17:00:00Z;205,5796987;0,205579699
214;2023-07-17T17:00:00Z;203,1834496;0,20318345
215;2023-07-17T17:00:00Z;178,3067094;0,178306709
216;2023-07-17T18:00:00Z;200,5690167;0,200569017
217;2023-07-17T18:00:00Z;204,636197;0,204636197
218;2023-07-17T18:00:00Z;233,0017232;0,233001723
219;2023-07-17T18:00:00Z;178,2257829;0,178225783
220;2023-07-17T19:00:00Z;193,8390672;0,193839067
221;2023-07-17T19:00:00Z;196,0856817;0,196085682
222;2023-07-17T19:00:00Z;208,1109726;0,208110973
223;2023-07-17T19:00:00Z;158,2005057;0,158200506
224;2023-07-17T20:00:00Z;180,1479265;0,180147926
225;2023-07-17T20:00:00Z;184,9340652;0,184934065
226;2023-07-17T20:00:00Z;195,7972688;0,195797269
227;2023-07-17T20:00:00Z;150,7351999;0,1507352
228;2023-07-17T21:00:00Z;191,366483;0,191366483
229;2023-07-17T21:00:00Z;196,2248233;0,196224823
230;2023-07-17T21:00:00Z;211,4190777;0,211419078
231;2023-07-17T21:00:00Z;129,469563;0,129469563
232;2023-07-17T22:00:00Z;194,2200407;0,194220041
233;2023-07-17T22:00:00Z;212,4406563;0,212440656
234;2023-07-17T22:00:00Z;211,3622994;0,211362299
235;2023-07-17T22:00:00Z;122,9640547;0,122964055
236;2023-07-17T23:00:00Z;190,404904;0,190404904
237;2023-07-17T23:00:00Z;209,9352788;0,209935279
238;2023-07-17T23:00:00Z;200,1945272;0,200194527
239;2023-07-17T23:00:00Z;130,5486089;0,130548609
240;2023-07-18T00:00:00Z;183,9870329;0,183987033
241;2023-07-18T00:00:00Z;251,002754;0,251002754
242;2023-07-18T00:00:00Z;201,6033276;0,201603328
243;2023-07-18T00:00:00Z;246,3678525;0,246367853
244;2023-07-18T01:00:00Z;189,1147985;0,189114799
245;2023-07-18T01:00:00Z;263,0831526;0,263083153
246;2023-07-18T01:00:00Z;200,387319;0,200387319
247;2023-07-18T01:00:00Z;260,5417572;0,260541757
248;2023-07-18T02:00:00Z;201,0812592;0,201081259
249;2023-07-18T02:00:00Z;270,9297715;0,270929772
250;2023-07-18T02:00:00Z;197,3142862;0,197314286
251;2023-07-18T02:00:00Z;269,722796;0,269722796
252;2023-07-18T03:00:00Z;203,7478911;0,203747891
253;2023-07-18T03:00:00Z;260,9871136;0,260987114
254;2023-07-18T03:00:00Z;203,716866;0,203716866
255;2023-07-18T03:00:00Z;277,2044302;0,27720443
256;2023-07-18T04:00:00Z;206,582322;0,206582322
257;2023-07-18T04:00:00Z;249,8338059;0,249833806
258;2023-07-18T04:00:00Z;216,8422986;0,216842299
259;2023-07-18T04:00:00Z;271,0126264;0,271012626
260;2023-07-18T05:00:00Z;195,8366145;0,195836615
261;2023-07-18T05:00:00Z;235,7878603;0,23578786
262;2023-07-18T05:00:00Z;187,1289196;0,18712892
263;2023-07-18T05:00:00Z;266,8671773;0,266867177
264;2023-07-18T06:00:00Z;190,4312946;0,190431295
265;2023-07-18T06:00:00Z;213,0126186;0,213012619
266;2023-07-18T06:00:00Z;165,7329554;0,165732955
267;2023-07-18T06:00:00Z;248,9477362;0,248947736
268;2023-07-18T07:00:00Z;184,0148576;0,184014858
269;2023-07-18T07:00:00Z;212,9426667;0,212942667
270;2023-07-18T07:00:00Z;202,8833112;0,202883311
271;2023-07-18T07:00:00Z;224,1383687;0,224138369
272;2023-07-18T08:00:00Z;185,6296274;0,185629627
273;2023-07-18T08:00:00Z;215,226526;0,215226526
274;2023-07-18T08:00:00Z;201,2857082;0,201285708
275;2023-07-18T08:00:00Z;221,7273229;0,221727323
276;2023-07-18T09:00:00Z;196,5436542;0,196543654
277;2023-07-18T09:00:00Z;228,2403593;0,228240359
278;2023-07-18T09:00:00Z;206,4606874;0,206460687
279;2023-07-18T09:00:00Z;214,750455;0,214750455
280;2023-07-18T10:00:00Z;181,3333573;0,181333357
281;2023-07-18T10:00:00Z;245,131492;0,245131492
282;2023-07-18T10:00:00Z;203,4574858;0,203457486
283;2023-07-18T10:00:00Z;214,989902;0,214989902
284;2023-07-18T11:00:00Z;168,38056;0,16838056
285;2023-07-18T11:00:00Z;245,8666796;0,24586668
286;2023-07-18T11:00:00Z;207,9177257;0,207917726
287;2023-07-18T11:00:00Z;213,8169232;0,213816923
288;2023-07-18T12:00:00Z;185,9277878;0,185927788
289;2023-07-18T12:00:00Z;251,176393;0,251176393
290;2023-07-18T12:00:00Z;215,2824282;0,215282428
291;2023-07-18T12:00:00Z;228,7627767;0,228762777
292;2023-07-18T13:00:00Z;192,2349461;0,192234946
293;2023-07-18T13:00:00Z;232,6901254;0,232690125
294;2023-07-18T13:00:00Z;206,307275;0,206307275
295;2023-07-18T13:00:00Z;222,86198;0,22286198
296;2023-07-18T14:00:00Z;199,929966;0,199929966
297;2023-07-18T14:00:00Z;230,3250389;0,230325039
298;2023-07-18T14:00:00Z;207,653057;0,207653057
299;2023-07-18T14:00:00Z;227,2645617;0,227264562
300;2023-07-18T15:00:00Z;189,7610818;0,189761082
301;2023-07-18T15:00:00Z;232,7110446;0,232711045
302;2023-07-18T15:00:00Z;224,5600958;0,224560096
303;2023-07-18T15:00:00Z;223,5580776;0,223558078
304;2023-07-18T16:00:00Z;196,7312222;0,196731222
305;2023-07-18T16:00:00Z;239,1622568;0,239162257
306;2023-07-18T16:00:00Z;231,034034;0,231034034
307;2023-07-18T16:00:00Z;221,3640795;0,221364079
308;2023-07-18T17:00:00Z;205,0135063;0,205013506
309;2023-07-18T17:00:00Z;253,1434982;0,253143498
310;2023-07-18T17:00:00Z;238,1467862;0,238146786
311;2023-07-18T17:00:00Z;216,412095;0,216412095
312;2023-07-18T18:00:00Z;187,2721767;0,187272177
313;2023-07-18T18:00:00Z;240,5728456;0,240572846
314;2023-07-18T18:00:00Z;214,9227282;0,214922728
315;2023-07-18T18:00:00Z;200,0452811;0,200045281
316;2023-07-18T19:00:00Z;184,1072661;0,184107266
317;2023-07-18T19:00:00Z;206,3012308;0,206301231
318;2023-07-18T19:00:00Z;199,2580758;0,199258076
319;2023-07-18T19:00:00Z;209,8128066;0,209812807
320;2023-07-18T20:00:00Z;180,2659192;0,180265919
321;2023-07-18T20:00:00Z;205,5374202;0,20553742
322;2023-07-18T20:00:00Z;190,8938858;0,190893886
323;2023-07-18T20:00:00Z;200,1789774;0,200178977
324;2023-07-18T21:00:00Z;188,3972425;0,188397242
325;2023-07-18T21:00:00Z;220,0522043;0,220052204
326;2023-07-18T21:00:00Z;204,0775028;0,204077503
327;2023-07-18T21:00:00Z;212,3944625;0,212394463
328;2023-07-18T22:00:00Z;169,1866247;0,169186625
329;2023-07-18T22:00:00Z;236,8621524;0,236862152
330;2023-07-18T22:00:00Z;203,9022324;0,203902232
331;2023-07-18T22:00:00Z;246,1210793;0,246121079
332;2023-07-18T23:00:00Z;173,5386265;0,173538626
333;2023-07-18T23:00:00Z;252,5242403;0,25252424
334;2023-07-18T23:00:00Z;231,9698537;0,231969854
335;2023-07-18T23:00:00Z;285,1369364;0,285136936
336;2023-07-19T00:00:00Z;220,7533504;0,22075335
337;2023-07-19T00:00:00Z;249,2980883;0,249298088
338;2023-07-19T00:00:00Z;242,4087285;0,242408728
339;2023-07-19T00:00:00Z;217,2323625;0,217232362
340;2023-07-19T01:00:00Z;227,3960612;0,227396061
341;2023-07-19T01:00:00Z;254,5700313;0,254570031
342;2023-07-19T01:00:00Z;233,7589457;0,233758946
343;2023-07-19T01:00:00Z;227,8438111;0,227843811
344;2023-07-19T02:00:00Z;242,4926299;0,24249263
345;2023-07-19T02:00:00Z;256,2516205;0,256251621
346;2023-07-19T02:00:00Z;232,1188067;0,232118807
347;2023-07-19T02:00:00Z;234,0524731;0,234052473
348;2023-07-19T03:00:00Z;229,6353789;0,229635379
349;2023-07-19T03:00:00Z;265,0989779;0,265098978
350;2023-07-19T03:00:00Z;237,9648393;0,237964839
351;2023-07-19T03:00:00Z;229,8103365;0,229810336
352;2023-07-19T04:00:00Z;206,5898946;0,206589895
353;2023-07-19T04:00:00Z;256,2365299;0,25623653
354;2023-07-19T04:00:00Z;208,8836185;0,208883619
355;2023-07-19T04:00:00Z;223,8656279;0,223865628
356;2023-07-19T05:00:00Z;179,4682346;0,179468235
357;2023-07-19T05:00:00Z;224,4128606;0,224412861
358;2023-07-19T05:00:00Z;198,9053025;0,198905302
359;2023-07-19T05:00:00Z;202,5987919;0,202598792
360;2023-07-19T06:00:00Z;180,072088;0,180072088
361;2023-07-19T06:00:00Z;183,8719411;0,183871941
362;2023-07-19T06:00:00Z;181,3657054;0,181365705
363;2023-07-19T06:00:00Z;189,2099425;0,189209942
364;2023-07-19T07:00:00Z;180,1789057;0,180178906
365;2023-07-19T07:00:00Z;201,4149631;0,201414963
366;2023-07-19T07:00:00Z;205,3459826;0,205345983
367;2023-07-19T07:00:00Z;191,5213621;0,191521362
368;2023-07-19T08:00:00Z;188,8129881;0,188812988
369;2023-07-19T08:00:00Z;195,367309;0,195367309
370;2023-07-19T08:00:00Z;200,4952933;0,200495293
371;2023-07-19T08:00:00Z;188,5507799;0,18855078
372;2023-07-19T09:00:00Z;204,3477872;0,204347787
373;2023-07-19T09:00:00Z;199,5626093;0,199562609
374;2023-07-19T09:00:00Z;195,5634119;0,195563412
375;2023-07-19T09:00:00Z;188,7165334;0,188716533
376;2023-07-19T10:00:00Z;202,5038171;0,202503817
377;2023-07-19T10:00:00Z;202,52578;0,20252578
378;2023-07-19T10:00:00Z;211,6047277;0,211604728
379;2023-07-19T10:00:00Z;192,6199219;0,192619922
380;2023-07-19T11:00:00Z;215,4842742;0,215484274
381;2023-07-19T11:00:00Z;203,7543639;0,203754364
382;2023-07-19T11:00:00Z;215,4794174;0,215479417
383;2023-07-19T11:00:00Z;191,7536377;0,191753638
384;2023-07-19T12:00:00Z;185,6301574;0,185630157
385;2023-07-19T12:00:00Z;221,3908548;0,221390855
386;2023-07-19T12:00:00Z;188,7045219;0,188704522
387;2023-07-19T12:00:00Z;183,6197244;0,183619724
388;2023-07-19T13:00:00Z;201,4175911;0,201417591
389;2023-07-19T13:00:00Z;225,8787196;0,22587872
390;2023-07-19T13:00:00Z;188,5988038;0,188598804
391;2023-07-19T13:00:00Z;186,0398661;0,186039866
392;2023-07-19T14:00:00Z;190,3468908;0,190346891
393;2023-07-19T14:00:00Z;221,7031623;0,221703162
394;2023-07-19T14:00:00Z;196,2138836;0,196213884
395;2023-07-19T14:00:00Z;169,4335548;0,169433555
396;2023-07-19T15:00:00Z;198,8378826;0,198837883
397;2023-07-19T15:00:00Z;210,1666883;0,210166688
398;2023-07-19T15:00:00Z;209,7403224;0,209740322
399;2023-07-19T15:00:00Z;160,7816157;0,160781616
400;2023-07-19T16:00:00Z;194,9845928;0,194984593
401;2023-07-19T16:00:00Z;210,1270097;0,21012701
402;2023-07-19T16:00:00Z;216,5018561;0,216501856
403;2023-07-19T16:00:00Z;167,7826381;0,167782638
404;2023-07-19T17:00:00Z;188,4460701;0,18844607
405;2023-07-19T17:00:00Z;224,2538637;0,224253864
406;2023-07-19T17:00:00Z;227,5079032;0,227507903
407;2023-07-19T17:00:00Z;160,3065859;0,160306586
408;2023-07-19T18:00:00Z;206,5399464;0,206539946
409;2023-07-19T18:00:00Z;214,9765939;0,214976594
410;2023-07-19T18:00:00Z;229,5556294;0,229555629
411;2023-07-19T18:00:00Z;154,2047289;0,154204729
412;2023-07-19T19:00:00Z;213,8593186;0,213859319
413;2023-07-19T19:00:00Z;205,1978655;0,205197866
414;2023-07-19T19:00:00Z;210,3546084;0,210354608
415;2023-07-19T19:00:00Z;150,3964402;0,15039644
416;2023-07-19T20:00:00Z;203,5373669;0,203537367
417;2023-07-19T20:00:00Z;199,836967;0,199836967
418;2023-07-19T20:00:00Z;204,8602488;0,204860249
419;2023-07-19T20:00:00Z;152,8684729;0,152868473
420;2023-07-19T21:00:00Z;215,6198607;0,215619861
421;2023-07-19T21:00:00Z;215,6759827;0,215675983
422;2023-07-19T21:00:00Z;223,7243427;0,223724343
423;2023-07-19T21:00:00Z;162,7902328;0,162790233
424;2023-07-19T22:00:00Z;191,2035973;0,191203597
425;2023-07-19T22:00:00Z;222,5285933;0,222528593
426;2023-07-19T22:00:00Z;216,7909184;0,216790918
427;2023-07-19T22:00:00Z;176,7331691;0,176733169
428;2023-07-19T23:00:00Z;205,0545138;0,205054514
429;2023-07-19T23:00:00Z;220,1874372;0,220187437
430;2023-07-19T23:00:00Z;254,4780163;0,254478016
431;2023-07-19T23:00:00Z;196,1529931;0,196152993
432;2023-07-20T00:00:00Z;208,9874768;0,208987477
433;2023-07-20T00:00:00Z;215,1763798;0,21517638
434;2023-07-20T00:00:00Z;238,7457298;0,23874573
435;2023-07-20T00:00:00Z;246,0533448;0,246053345
436;2023-07-20T01:00:00Z;233,7183786;0,233718379
437;2023-07-20T01:00:00Z;214,52996;0,21452996
438;2023-07-20T01:00:00Z;265,4608015;0,265460802
439;2023-07-20T01:00:00Z;245,07668;0,24507668
440;2023-07-20T02:00:00Z;218,4722842;0,218472284
441;2023-07-20T02:00:00Z;201,909101;0,201909101
442;2023-07-20T02:00:00Z;275,8160848;0,275816085
443;2023-07-20T02:00:00Z;240,7251572;0,240725157
444;2023-07-20T03:00:00Z;229,1849418;0,229184942
445;2023-07-20T03:00:00Z;208,2856085;0,208285609
446;2023-07-20T03:00:00Z;279,9738746;0,279973875
447;2023-07-20T03:00:00Z;245,1307142;0,245130714
448;2023-07-20T04:00:00Z;233,6682921;0,233668292
449;2023-07-20T04:00:00Z;220,4937606;0,220493761
450;2023-07-20T04:00:00Z;250,452683;0,250452683
451;2023-07-20T04:00:00Z;252,7643491;0,252764349
452;2023-07-20T05:00:00Z;216,3349805;0,21633498
453;2023-07-20T05:00:00Z;221,2131798;0,22121318
454;2023-07-20T05:00:00Z;231,5488557;0,231548856
455;2023-07-20T05:00:00Z;250,9856728;0,250985673
456;2023-07-20T06:00:00Z;223,4718663;0,223471866
457;2023-07-20T06:00:00Z;213,2377995;0,2132378
458;2023-07-20T06:00:00Z;239,0670554;0,239067055
459;2023-07-20T06:00:00Z;250,2692766;0,250269277
460;2023-07-20T07:00:00Z;223,9763952;0,223976395
461;2023-07-20T07:00:00Z;218,1094695;0,21810947
462;2023-07-20T07:00:00Z;231,8036926;0,231803693
463;2023-07-20T07:00:00Z;242,5210716;0,242521072
464;2023-07-20T08:00:00Z;220,4194089;0,220419409
465;2023-07-20T08:00:00Z;200,0282816;0,200028282
466;2023-07-20T08:00:00Z;217,1326529;0,217132653
467;2023-07-20T08:00:00Z;228,2103879;0,228210388
468;2023-07-20T09:00:00Z;214,7530698;0,21475307
469;2023-07-20T09:00:00Z;180,0573881;0,180057388
470;2023-07-20T09:00:00Z;205,3902347;0,205390235
471;2023-07-20T09:00:00Z;207,1598709;0,207159871
472;2023-07-20T10:00:00Z;210,5664865;0,210566487
473;2023-07-20T10:00:00Z;173,6394141;0,173639414
474;2023-07-20T10:00:00Z;227,8566816;0,227856682
475;2023-07-20T10:00:00Z;202,7190343;0,202719034
476;2023-07-20T11:00:00Z;200,5805845;0,200580585
477;2023-07-20T11:00:00Z;161,104235;0,161104235
478;2023-07-20T11:00:00Z;219,6946571;0,219694657
479;2023-07-20T11:00:00Z;201,8358137;0,201835814
480;2023-07-20T12:00:00Z;202,3868255;0,202386825
481;2023-07-20T12:00:00Z;157,7623223;0,157762322
482;2023-07-20T12:00:00Z;233,8581049;0,233858105
483;2023-07-20T12:00:00Z;194,0402778;0,194040278
484;2023-07-20T13:00:00Z;214,0136061;0,214013606
485;2023-07-20T13:00:00Z;159,1190244;0,159119024
486;2023-07-20T13:00:00Z;245,3240623;0,245324062
487;2023-07-20T13:00:00Z;196,63755;0,19663755
488;2023-07-20T14:00:00Z;215,208554;0,215208554
489;2023-07-20T14:00:00Z;161,3187316;0,161318732
490;2023-07-20T14:00:00Z;244,768193;0,244768193
491;2023-07-20T14:00:00Z;200,2761797;0,20027618
492;2023-07-20T15:00:00Z;200,4845594;0,200484559
493;2023-07-20T15:00:00Z;165,9162206;0,165916221
494;2023-07-20T15:00:00Z;209,1306244;0,209130624
495;2023-07-20T15:00:00Z;196,5414404;0,19654144
496;2023-07-20T16:00:00Z;209,9585716;0,209958572
497;2023-07-20T16:00:00Z;193,9758275;0,193975828
498;2023-07-20T16:00:00Z;210,4585213;0,210458521
499;2023-07-20T16:00:00Z;222,0630272;0,222063027
500;2023-07-20T17:00:00Z;173,7822398;0,17378224
501;2023-07-20T17:00:00Z;192,5229635;0,192522963
502;2023-07-20T17:00:00Z;169,5656144;0,169565614
503;2023-07-20T17:00:00Z;198,9896915;0,198989692
504;2023-07-20T18:00:00Z;175,3252397;0,17532524
505;2023-07-20T18:00:00Z;189,0790226;0,189079023
506;2023-07-20T18:00:00Z;179,5048793;0,179504879
507;2023-07-20T18:00:00Z;197,4540351;0,197454035
508;2023-07-20T19:00:00Z;143,9030904;0,14390309
509;2023-07-20T19:00:00Z;179,0297393;0,179029739
510;2023-07-20T19:00:00Z;149,7594615;0,149759462
511;2023-07-20T19:00:00Z;189,3079769;0,189307977
512;2023-07-20T20:00:00Z;171,3933221;0,171393322
513;2023-07-20T20:00:00Z;182,3771739;0,182377174
514;2023-07-20T20:00:00Z;169,9188869;0,169918887
515;2023-07-20T20:00:00Z;193,3155454;0,193315545
516;2023-07-20T21:00:00Z;201,7076108;0,201707611
517;2023-07-20T21:00:00Z;195,6614015;0,195661402
518;2023-07-20T21:00:00Z;194,135074;0,194135074
519;2023-07-20T21:00:00Z;209,9011957;0,209901196
520;2023-07-20T22:00:00Z;218,6864774;0,218686477
521;2023-07-20T22:00:00Z;200,6223443;0,200622344
522;2023-07-20T22:00:00Z;210,3319663;0,210331966
523;2023-07-20T22:00:00Z;211,3946874;0,211394687
524;2023-07-20T23:00:00Z;181,5869048;0,181586905
525;2023-07-20T23:00:00Z;200,7985162;0,200798516
526;2023-07-20T23:00:00Z;197,3686605;0,19736866
527;2023-07-20T23:00:00Z;211,8124908;0,211812491
528;2023-07-21T00:00:00Z;165,9354682;0,165935468
529;2023-07-21T00:00:00Z;187,8868195;0,18788682
530;2023-07-21T00:00:00Z;185,3692017;0,185369202
531;2023-07-21T00:00:00Z;224,836705;0,224836705
532;2023-07-21T01:00:00Z;166,2417573;0,166241757
533;2023-07-21T01:00:00Z;203,9902029;0,203990203
534;2023-07-21T01:00:00Z;186,7634757;0,186763476
535;2023-07-21T01:00:00Z;228,7567974;0,228756797
536;2023-07-21T02:00:00Z;169,0533586;0,169053359
537;2023-07-21T02:00:00Z;206,178603;0,206178603
538;2023-07-21T02:00:00Z;186,3255644;0,186325564
539;2023-07-21T02:00:00Z;234,4414414;0,234441441
540;2023-07-21T03:00:00Z;184,9454319;0,184945432
541;2023-07-21T03:00:00Z;207,9037835;0,207903784
542;2023-07-21T03:00:00Z;217,6388052;0,217638805
543;2023-07-21T03:00:00Z;235,6174799;0,23561748
544;2023-07-21T04:00:00Z;197,9790136;0,197979014
545;2023-07-21T04:00:00Z;204,8668133;0,204866813
546;2023-07-21T04:00:00Z;239,9554595;0,23995546
547;2023-07-21T04:00:00Z;229,8421426;0,229842143
548;2023-07-21T05:00:00Z;198,7168874;0,198716887
549;2023-07-21T05:00:00Z;188,5320348;0,188532035
550;2023-07-21T05:00:00Z;196,1303961;0,196130396
551;2023-07-21T05:00:00Z;222,5792481;0,222579248
552;2023-07-21T06:00:00Z;180,6029945;0,180602994
553;2023-07-21T06:00:00Z;169,5918218;0,169591822
554;2023-07-21T06:00:00Z;172,4851271;0,172485127
555;2023-07-21T06:00:00Z;203,5257638;0,203525764
556;2023-07-21T07:00:00Z;187,5255789;0,187525579
557;2023-07-21T07:00:00Z;166,7825554;0,166782555
558;2023-07-21T07:00:00Z;191,3782122;0,191378212
559;2023-07-21T07:00:00Z;195,932266;0,195932266
560;2023-07-21T08:00:00Z;177,8718749;0,177871875
561;2023-07-21T08:00:00Z;156,3528911;0,156352891
562;2023-07-21T08:00:00Z;183,8712171;0,183871217
563;2023-07-21T08:00:00Z;190,134441;0,190134441
564;2023-07-21T09:00:00Z;158,7820383;0,158782038
565;2023-07-21T09:00:00Z;146,2481763;0,146248176
566;2023-07-21T09:00:00Z;182,0924658;0,182092466
567;2023-07-21T09:00:00Z;175,9088705;0,17590887
568;2023-07-21T10:00:00Z;176,1366979;0,176136698
569;2023-07-21T10:00:00Z;141,0563181;0,141056318
570;2023-07-21T10:00:00Z;177,0897781;0,177089778
571;2023-07-21T10:00:00Z;160,1174133;0,160117413
572;2023-07-21T11:00:00Z;192,262576;0,192262576
573;2023-07-21T11:00:00Z;133,0623647;0,133062365
574;2023-07-21T11:00:00Z;178,8769488;0,178876949
575;2023-07-21T11:00:00Z;149,8267102;0,14982671
576;2023-07-21T12:00:00Z;178,965033;0,178965033
577;2023-07-21T12:00:00Z;137,7782466;0,137778247
578;2023-07-21T12:00:00Z;166,5603867;0,166560387
579;2023-07-21T12:00:00Z;162,8909311;0,162890931
580;2023-07-21T13:00:00Z;181,5869983;0,181586998
581;2023-07-21T13:00:00Z;149,145733;0,149145733
582;2023-07-21T13:00:00Z;160,6165277;0,160616528
583;2023-07-21T13:00:00Z;168,3081696;0,16830817
584;2023-07-21T14:00:00Z;154,2142864;0,154214286
585;2023-07-21T14:00:00Z;149,9147106;0,149914711
586;2023-07-21T14:00:00Z;144,1261911;0,144126191
587;2023-07-21T14:00:00Z;158,1607676;0,158160768
588;2023-07-21T15:00:00Z;149,1444385;0,149144439
589;2023-07-21T15:00:00Z;157,8463748;0,157846375
590;2023-07-21T15:00:00Z;137,7247881;0,137724788
591;2023-07-21T15:00:00Z;162,2416514;0,162241651
592;2023-07-21T16:00:00Z;148,9652699;0,14896527
593;2023-07-21T16:00:00Z;161,5853558;0,161585356
594;2023-07-21T16:00:00Z;131,6625932;0,131662593
595;2023-07-21T16:00:00Z;170,5385097;0,17053851
596;2023-07-21T17:00:00Z;150,8730298;0,15087303
597;2023-07-21T17:00:00Z;167,699267;0,167699267
598;2023-07-21T17:00:00Z;148,0839828;0,148083983
599;2023-07-21T17:00:00Z;179,1445573;0,179144557
600;2023-07-21T18:00:00Z;152,4049247;0,152404925
601;2023-07-21T18:00:00Z;163,5820765;0,163582077
602;2023-07-21T18:00:00Z;135,7058916;0,135705892
603;2023-07-21T18:00:00Z;178,9786807;0,178978681
604;2023-07-21T19:00:00Z;146,0227548;0,146022755
605;2023-07-21T19:00:00Z;151,7543525;0,151754352
606;2023-07-21T19:00:00Z;126,257173;0,126257173
607;2023-07-21T19:00:00Z;173,698417;0,173698417
608;2023-07-21T20:00:00Z;144,1317182;0,144131718
609;2023-07-21T20:00:00Z;137,0868648;0,137086865
610;2023-07-21T20:00:00Z;130,0560359;0,130056036
611;2023-07-21T20:00:00Z;171,3066282;0,171306628
612;2023-07-21T21:00:00Z;155,1569399;0,15515694
613;2023-07-21T21:00:00Z;148,0986091;0,148098609
614;2023-07-21T21:00:00Z;139,9413907;0,139941391
615;2023-07-21T21:00:00Z;191,6480413;0,191648041
616;2023-07-21T22:00:00Z;157,3387056;0,157338706
617;2023-07-21T22:00:00Z;157,0852334;0,157085233
618;2023-07-21T22:00:00Z;142,9223207;0,142922321
619;2023-07-21T22:00:00Z;175,5888083;0,175588808
620;2023-07-21T23:00:00Z;192,3435327;0,192343533
621;2023-07-21T23:00:00Z;164,0668068;0,164066807
622;2023-07-21T23:00:00Z;162,3137962;0,162313796
623;2023-07-21T23:00:00Z;169,84073;0,16984073
624;2023-07-22T00:00:00Z;143,2867828;0,143286783
625;2023-07-22T00:00:00Z;161,7824423;0,161782442
626;2023-07-22T00:00:00Z;164,5041803;0,16450418
627;2023-07-22T00:00:00Z;189,8936127;0,189893613
628;2023-07-22T01:00:00Z;171,5503498;0,17155035
629;2023-07-22T01:00:00Z;173,3191037;0,173319104
630;2023-07-22T01:00:00Z;192,4674356;0,192467436
631;2023-07-22T01:00:00Z;196,6604801;0,19666048
632;2023-07-22T02:00:00Z;193,3329572;0,193332957
633;2023-07-22T02:00:00Z;186,2725797;0,18627258
634;2023-07-22T02:00:00Z;184,243772;0,184243772
635;2023-07-22T02:00:00Z;206,9814125;0,206981412
636;2023-07-22T03:00:00Z;203,2634163;0,203263416
637;2023-07-22T03:00:00Z;192,7067301;0,19270673
638;2023-07-22T03:00:00Z;198,5468367;0,198546837
639;2023-07-22T03:00:00Z;219,0107617;0,219010762
640;2023-07-22T04:00:00Z;210,1604517;0,210160452
641;2023-07-22T04:00:00Z;185,7540208;0,185754021
642;2023-07-22T04:00:00Z;206,2932671;0,206293267
643;2023-07-22T04:00:00Z;211,6371377;0,211637138
644;2023-07-22T05:00:00Z;196,8070025;0,196807003
645;2023-07-22T05:00:00Z;178,0291342;0,178029134
646;2023-07-22T05:00:00Z;198,9833286;0,198983329
647;2023-07-22T05:00:00Z;206,8697118;0,206869712
648;2023-07-22T06:00:00Z;211,651779;0,211651779
649;2023-07-22T06:00:00Z;177,2244907;0,177224491
650;2023-07-22T06:00:00Z;198,0564637;0,198056464
651;2023-07-22T06:00:00Z;180,7375126;0,180737513
652;2023-07-22T07:00:00Z;198,5159154;0,198515915
653;2023-07-22T07:00:00Z;164,4425625;0,164442563
654;2023-07-22T07:00:00Z;190,7514214;0,190751421
655;2023-07-22T07:00:00Z;148,3386446;0,148338645
656;2023-07-22T08:00:00Z;183,916114;0,183916114
657;2023-07-22T08:00:00Z;157,1790155;0,157179016
658;2023-07-22T08:00:00Z;189,2927029;0,189292703
659;2023-07-22T08:00:00Z;129,2996858;0,129299686
660;2023-07-22T09:00:00Z;166,6696176;0,166669618
661;2023-07-22T09:00:00Z;153,4058519;0,153405852
662;2023-07-22T09:00:00Z;186,726636;0,186726636
663;2023-07-22T09:00:00Z;119,7262853;0,119726285
664;2023-07-22T10:00:00Z;151,1497109;0,151149711
665;2023-07-22T10:00:00Z;147,6588432;0,147658843
666;2023-07-22T10:00:00Z;176,3921699;0,17639217
667;2023-07-22T10:00:00Z;116,6618159;0,116661816
668;2023-07-22T11:00:00Z;165,0685482;0,165068548
669;2023-07-22T11:00:00Z;153,0060608;0,153006061
670;2023-07-22T11:00:00Z;180,061399;0,180061399
671;2023-07-22T11:00:00Z;114,2681024;0,114268102
672;2023-07-22T12:00:00Z;162,98649;0,16298649
673;2023-07-22T12:00:00Z;134,6537181;0,134653718
674;2023-07-22T12:00:00Z;172,6307681;0,172630768
675;2023-07-22T12:00:00Z;108,6451592;0,108645159
676;2023-07-22T13:00:00Z;154,5190794;0,154519079
677;2023-07-22T13:00:00Z;125,9998866;0,125999887
678;2023-07-22T13:00:00Z;164,7874231;0,164787423
679;2023-07-22T13:00:00Z;113,4162009;0,113416201
680;2023-07-22T14:00:00Z;161,3357858;0,161335786
681;2023-07-22T14:00:00Z;132,5866042;0,132586604
682;2023-07-22T14:00:00Z;149,8692035;0,149869204
683;2023-07-22T14:00:00Z;106,2223448;0,106222345
684;2023-07-22T15:00:00Z;161,9349756;0,161934976
685;2023-07-22T15:00:00Z;135,9476879;0,135947688
686;2023-07-22T15:00:00Z;151,5629335;0,151562933
687;2023-07-22T15:00:00Z;106,8302279;0,106830228
688;2023-07-22T16:00:00Z;136,6774243;0,136677424
689;2023-07-22T16:00:00Z;134,00433;0,13400433
690;2023-07-22T16:00:00Z;157,6742045;0,157674204
691;2023-07-22T16:00:00Z;106,4007123;0,106400712
692;2023-07-22T17:00:00Z;164,5294934;0,164529493
693;2023-07-22T17:00:00Z;140,1289791;0,140128979
694;2023-07-22T17:00:00Z;174,1126332;0,174112633
695;2023-07-22T17:00:00Z;125,6744627;0,125674463
696;2023-07-22T18:00:00Z;161,5231184;0,161523118
697;2023-07-22T18:00:00Z;143,6695564;0,143669556
698;2023-07-22T18:00:00Z;173,9960847;0,173996085
699;2023-07-22T18:00:00Z;121,4780312;0,121478031
700;2023-07-22T19:00:00Z;153,5983039;0,153598304
701;2023-07-22T19:00:00Z;133,624406;0,133624406
702;2023-07-22T19:00:00Z;156,1081471;0,156108147
703;2023-07-22T19:00:00Z;126,9380564;0,126938056
704;2023-07-22T20:00:00Z;150,1644596;0,15016446
705;2023-07-22T20:00:00Z;134,9402179;0,134940218
706;2023-07-22T20:00:00Z;158,1652097;0,15816521
707;2023-07-22T20:00:00Z;126,2039809;0,126203981
708;2023-07-22T21:00:00Z;159,3714592;0,159371459
709;2023-07-22T21:00:00Z;140,6359217;0,140635922
710;2023-07-22T21:00:00Z;178,4760258;0,178476026
711;2023-07-22T21:00:00Z;131,5530068;0,131553007
712;2023-07-22T22:00:00Z;171,3624386;0,171362439
713;2023-07-22T22:00:00Z;151,979433;0,151979433
714;2023-07-22T22:00:00Z;187,9065512;0,187906551
715;2023-07-22T22:00:00Z;134,4060869;0,134406087
716;2023-07-22T23:00:00Z;190,380002;0,190380002
717;2023-07-22T23:00:00Z;163,5991551;0,163599155
718;2023-07-22T23:00:00Z;187,619797;0,187619797
719;2023-07-22T23:00:00Z;148,8839708;0,148883971
720;2023-07-23T00:00:00Z;169,4287116;0,169428712
721;2023-07-23T00:00:00Z;169,6205455;0,169620546
722;2023-07-23T00:00:00Z;193,661886;0,193661886
723;2023-07-23T00:00:00Z;156,7838642;0,156783864
724;2023-07-23T01:00:00Z;197,9699032;0,197969903
725;2023-07-23T01:00:00Z;183,3402224;0,183340222
726;2023-07-23T01:00:00Z;212,053729;0,212053729
727;2023-07-23T01:00:00Z;168,8915319;0,168891532
728;2023-07-23T02:00:00Z;208,9778298;0,20897783
729;2023-07-23T02:00:00Z;195,0299697;0,19502997
730;2023-07-23T02:00:00Z;197,5024932;0,197502493
731;2023-07-23T02:00:00Z;171,5901742;0,171590174
732;2023-07-23T03:00:00Z;192,3336329;0,192333633
733;2023-07-23T03:00:00Z;180,7911913;0,180791191
734;2023-07-23T03:00:00Z;187,8575024;0,187857502
735;2023-07-23T03:00:00Z;162,2994852;0,162299485
736;2023-07-23T04:00:00Z;149,5049184;0,149504918
737;2023-07-23T04:00:00Z;190,5505731;0,190550573
738;2023-07-23T04:00:00Z;188,094968;0,188094968
739;2023-07-23T04:00:00Z;164,1147831;0,164114783
740;2023-07-23T05:00:00Z;185,1981823;0,185198182
741;2023-07-23T05:00:00Z;185,9746888;0,185974689
742;2023-07-23T05:00:00Z;202,1609623;0,202160962
743;2023-07-23T05:00:00Z;162,4210259;0,162421026
744;2023-07-23T06:00:00Z;188,4893261;0,188489326
745;2023-07-23T06:00:00Z;178,6899121;0,178689912
746;2023-07-23T06:00:00Z;192,5396046;0,192539605
747;2023-07-23T06:00:00Z;161,9274593;0,161927459
748;2023-07-23T07:00:00Z;179,8190725;0,179819073
749;2023-07-23T07:00:00Z;165,4885479;0,165488548
750;2023-07-23T07:00:00Z;185,9596767;0,185959677
751;2023-07-23T07:00:00Z;157,7984703;0,15779847
752;2023-07-23T08:00:00Z;165,622105;0,165622105
753;2023-07-23T08:00:00Z;156,0800899;0,15608009
754;2023-07-23T08:00:00Z;178,4204793;0,178420479
755;2023-07-23T08:00:00Z;149,887737;0,149887737
756;2023-07-23T09:00:00Z;146,9211528;0,146921153
757;2023-07-23T09:00:00Z;151,1572061;0,151157206
758;2023-07-23T09:00:00Z;157,4395158;0,157439516
759;2023-07-23T09:00:00Z;143,0435956;0,143043596
760;2023-07-23T10:00:00Z;147,0483154;0,147048315
761;2023-07-23T10:00:00Z;141,112268;0,141112268
762;2023-07-23T10:00:00Z;159,4724861;0,159472486
763;2023-07-23T10:00:00Z;136,479381;0,136479381
764;2023-07-23T11:00:00Z;128,0333148;0,128033315
765;2023-07-23T11:00:00Z;127,5685677;0,127568568
766;2023-07-23T11:00:00Z;131,4667118;0,131466712
767;2023-07-23T11:00:00Z;118,1519394;0,118151939
768;2023-07-23T12:00:00Z;111,0618696;0,11106187
769;2023-07-23T12:00:00Z;125,6894513;0,125689451
770;2023-07-23T12:00:00Z;120,4943868;0,120494387
771;2023-07-23T12:00:00Z;122,6181959;0,122618196
772;2023-07-23T13:00:00Z;104,374125;0,104374125
773;2023-07-23T13:00:00Z;144,2536219;0,144253622
774;2023-07-23T13:00:00Z;88,35135939;0,088351359
775;2023-07-23T13:00:00Z;128,7540542;0,128754054
776;2023-07-23T14:00:00Z;118,567405;0,118567405
777;2023-07-23T14:00:00Z;162,3577088;0,162357709
778;2023-07-23T14:00:00Z;99,32914005;0,09932914
779;2023-07-23T14:00:00Z;140,5175208;0,140517521
780;2023-07-23T15:00:00Z;111,582521;0,111582521
781;2023-07-23T15:00:00Z;159,7854508;0,159785451
782;2023-07-23T15:00:00Z;103,2125688;0,103212569
783;2023-07-23T15:00:00Z;137,093863;0,137093863
784;2023-07-23T16:00:00Z;109,1835666;0,109183567
785;2023-07-23T16:00:00Z;158,9764438;0,158976444
786;2023-07-23T16:00:00Z;115,0251679;0,115025168
787;2023-07-23T16:00:00Z;133,4392821;0,133439282
788;2023-07-23T17:00:00Z;125,1702217;0,125170222
789;2023-07-23T17:00:00Z;156,4755026;0,156475503
790;2023-07-23T17:00:00Z;127,5370061;0,127537006
791;2023-07-23T17:00:00Z;137,7019489;0,137701949
792;2023-07-23T18:00:00Z;127,4546482;0,127454648
793;2023-07-23T18:00:00Z;157,826187;0,157826187
794;2023-07-23T18:00:00Z;138,2799541;0,138279954
795;2023-07-23T18:00:00Z;134,0006618;0,134000662
796;2023-07-23T19:00:00Z;119,478837;0,119478837
797;2023-07-23T19:00:00Z;140,7115468;0,140711547
798;2023-07-23T19:00:00Z;126,514194;0,126514194
799;2023-07-23T19:00:00Z;136,5452657;0,136545266
800;2023-07-23T20:00:00Z;119,1469676;0,119146968
801;2023-07-23T20:00:00Z;134,1548221;0,134154822
802;2023-07-23T20:00:00Z;123,5548953;0,123554895
803;2023-07-23T20:00:00Z;137,0406463;0,137040646
804;2023-07-23T21:00:00Z;140,2793841;0,140279384
805;2023-07-23T21:00:00Z;152,5338848;0,152533885
806;2023-07-23T21:00:00Z;133,4651227;0,133465123
807;2023-07-23T21:00:00Z;159,2899173;0,159289917
808;2023-07-23T22:00:00Z;168,5439186;0,168543919
809;2023-07-23T22:00:00Z;175,389057;0,175389057
810;2023-07-23T22:00:00Z;162,4319358;0,162431936
811;2023-07-23T22:00:00Z;173,081728;0,173081728
812;2023-07-23T23:00:00Z;159,9827244;0,159982724
813;2023-07-23T23:00:00Z;184,2454225;0,184245423
814;2023-07-23T23:00:00Z;176,1531561;0,176153156
815;2023-07-23T23:00:00Z;186,2903657;0,186290366
816;2023-07-24T00:00:00Z;257,9214805;0,25792148
817;2023-07-24T00:00:00Z;224,8938506;0,224893851
818;2023-07-24T00:00:00Z;246,862121;0,246862121
819;2023-07-24T00:00:00Z;230,1156952;0,230115695
820;2023-07-24T01:00:00Z;275,7273469;0,275727347
821;2023-07-24T01:00:00Z;239,0159085;0,239015909
822;2023-07-24T01:00:00Z;268,8706798;0,26887068
823;2023-07-24T01:00:00Z;236,6496181;0,236649618
824;2023-07-24T02:00:00Z;291,7366639;0,291736664
825;2023-07-24T02:00:00Z;254,6664326;0,254666433
826;2023-07-24T02:00:00Z;285,5250171;0,285525017
827;2023-07-24T02:00:00Z;258,3246676;0,258324668
828;2023-07-24T03:00:00Z;297,6222821;0,297622282
829;2023-07-24T03:00:00Z;258,9603967;0,258960397
830;2023-07-24T03:00:00Z;283,8897498;0,28388975
831;2023-07-24T03:00:00Z;269,9589572;0,269958957
832;2023-07-24T04:00:00Z;273,3764629;0,273376463
833;2023-07-24T04:00:00Z;254,2161856;0,254216186
834;2023-07-24T04:00:00Z;278,8590331;0,278859033
835;2023-07-24T04:00:00Z;275,6497165;0,275649716
836;2023-07-24T05:00:00Z;248,3927837;0,248392784
837;2023-07-24T05:00:00Z;236,840173;0,236840173
838;2023-07-24T05:00:00Z;239,1932531;0,239193253
839;2023-07-24T05:00:00Z;263,7779944;0,263777994
840;2023-07-24T06:00:00Z;209,8313737;0,209831374
841;2023-07-24T06:00:00Z;226,6217814;0,226621781
842;2023-07-24T06:00:00Z;175,5391852;0,175539185
843;2023-07-24T06:00:00Z;250,9405431;0,250940543
844;2023-07-24T07:00:00Z;180,4700812;0,180470081
845;2023-07-24T07:00:00Z;227,7447426;0,227744743
846;2023-07-24T07:00:00Z;184,3239446;0,184323945
847;2023-07-24T07:00:00Z;251,071467;0,251071467
848;2023-07-24T08:00:00Z;178,0432969;0,178043297
849;2023-07-24T08:00:00Z;217,0064323;0,217006432
850;2023-07-24T08:00:00Z;178,8345298;0,17883453
851;2023-07-24T08:00:00Z;243,6391805;0,243639181
852;2023-07-24T09:00:00Z;168,1975197;0,16819752
853;2023-07-24T09:00:00Z;210,1252602;0,21012526
854;2023-07-24T09:00:00Z;169,8174395;0,169817439
855;2023-07-24T09:00:00Z;230,1203733;0,230120373
856;2023-07-24T10:00:00Z;168,6439809;0,168643981
857;2023-07-24T10:00:00Z;200,8869459;0,200886946
858;2023-07-24T10:00:00Z;166,9341535;0,166934153
859;2023-07-24T10:00:00Z;211,8667061;0,211866706
860;2023-07-24T11:00:00Z;153,678828;0,153678828
861;2023-07-24T11:00:00Z;194,8809302;0,19488093
862;2023-07-24T11:00:00Z;147,5152793;0,147515279
863;2023-07-24T11:00:00Z;210,0348082;0,210034808
864;2023-07-24T12:00:00Z;147,1289764;0,147128976
865;2023-07-24T12:00:00Z;206,0699815;0,206069981
866;2023-07-24T12:00:00Z;152,5791521;0,152579152
867;2023-07-24T12:00:00Z;211,4087007;0,211408701
868;2023-07-24T13:00:00Z;158,7261915;0,158726192
869;2023-07-24T13:00:00Z;234,5526054;0,234552605
870;2023-07-24T13:00:00Z;126,8063949;0,126806395
871;2023-07-24T13:00:00Z;213,5978449;0,213597845
872;2023-07-24T14:00:00Z;157,2622987;0,157262299
873;2023-07-24T14:00:00Z;235,3921236;0,235392124
874;2023-07-24T14:00:00Z;147,3996752;0,147399675
875;2023-07-24T14:00:00Z;208,418591;0,208418591
876;2023-07-24T15:00:00Z;133,1461544;0,133146154
877;2023-07-24T15:00:00Z;239,1610202;0,23916102
878;2023-07-24T15:00:00Z;122,4231978;0,122423198
879;2023-07-24T15:00:00Z;205,76158;0,20576158
880;2023-07-24T16:00:00Z;117,4892179;0,117489218
881;2023-07-24T16:00:00Z;225,1650322;0,225165032
882;2023-07-24T16:00:00Z;116,5426176;0,116542618
883;2023-07-24T16:00:00Z;198,3499419;0,198349942
884;2023-07-24T17:00:00Z;143,866153;0,143866153
885;2023-07-24T17:00:00Z;237,5065397;0,23750654
886;2023-07-24T17:00:00Z;123,1049203;0,12310492
887;2023-07-24T17:00:00Z;206,3108782;0,206310878
888;2023-07-24T18:00:00Z;139,7613497;0,13976135
889;2023-07-24T18:00:00Z;214,7095311;0,214709531
890;2023-07-24T18:00:00Z;138,657438;0,138657438
891;2023-07-24T18:00:00Z;202,4104381;0,202410438
892;2023-07-24T19:00:00Z;129,9732313;0,129973231
893;2023-07-24T19:00:00Z;189,6928923;0,189692892
894;2023-07-24T19:00:00Z;122,0247828;0,122024783
895;2023-07-24T19:00:00Z;196,4513412;0,196451341
896;2023-07-24T20:00:00Z;124,6692497;0,12466925
897;2023-07-24T20:00:00Z;183,1226572;0,183122657
898;2023-07-24T20:00:00Z;129,7890653;0,129789065
899;2023-07-24T20:00:00Z;191,7405303;0,19174053
900;2023-07-24T21:00:00Z;139,3471688;0,139347169
901;2023-07-24T21:00:00Z;219,2206377;0,219220638
902;2023-07-24T21:00:00Z;130,1766975;0,130176697
903;2023-07-24T21:00:00Z;215,333786;0,215333786
904;2023-07-24T22:00:00Z;175,9400136;0,175940014
905;2023-07-24T22:00:00Z;251,0412903;0,25104129
906;2023-07-24T22:00:00Z;164,0116509;0,164011651
907;2023-07-24T22:00:00Z;234,1849463;0,234184946
908;2023-07-24T23:00:00Z;191,6224367;0,191622437
909;2023-07-24T23:00:00Z;272,8121314;0,272812131
910;2023-07-24T23:00:00Z;175,7154671;0,175715467
911;2023-07-24T23:00:00Z;250,1559924;0,250155992
912;2023-07-25T00:00:00Z;190,4139532;0,190413953
913;2023-07-25T00:00:00Z;259,3575932;0,259357593
914;2023-07-25T00:00:00Z;159,7728401;0,15977284
915;2023-07-25T00:00:00Z;260,7368697;0,26073687
916;2023-07-25T01:00:00Z;203,2854666;0,203285467
917;2023-07-25T01:00:00Z;277,3918839;0,277391884
918;2023-07-25T01:00:00Z;182,813776;0,182813776
919;2023-07-25T01:00:00Z;268,4705526;0,268470553
920;2023-07-25T02:00:00Z;202,2595097;0,20225951
921;2023-07-25T02:00:00Z;278,6184654;0,278618465
922;2023-07-25T02:00:00Z;178,5269798;0,17852698
923;2023-07-25T02:00:00Z;258,3583737;0,258358374
924;2023-07-25T03:00:00Z;218,3681256;0,218368126
925;2023-07-25T03:00:00Z;296,6620791;0,296662079
926;2023-07-25T03:00:00Z;215,339581;0,215339581
927;2023-07-25T03:00:00Z;280,5575355;0,280557536
928;2023-07-25T04:00:00Z;214,2120734;0,214212073
929;2023-07-25T04:00:00Z;296,8126526;0,296812653
930;2023-07-25T04:00:00Z;221,5827322;0,221582732
931;2023-07-25T04:00:00Z;286,3693226;0,286369323
932;2023-07-25T05:00:00Z;211,8210588;0,211821059
933;2023-07-25T05:00:00Z;281,0530391;0,281053039
934;2023-07-25T05:00:00Z;211,3721638;0,211372164
935;2023-07-25T05:00:00Z;284,5388019;0,284538802
936;2023-07-25T06:00:00Z;212,0685458;0,212068546
937;2023-07-25T06:00:00Z;261,7752619;0,261775262
938;2023-07-25T06:00:00Z;198,3223122;0,198322312
939;2023-07-25T06:00:00Z;279,4769453;0,279476945
940;2023-07-25T07:00:00Z;209,967351;0,209967351
941;2023-07-25T07:00:00Z;235,727215;0,235727215
942;2023-07-25T07:00:00Z;199,0646628;0,199064663
943;2023-07-25T07:00:00Z;248,2275342;0,248227534
944;2023-07-25T08:00:00Z;199,8744299;0,19987443
945;2023-07-25T08:00:00Z;236,3049254;0,236304925
946;2023-07-25T08:00:00Z;201,6247334;0,201624733
947;2023-07-25T08:00:00Z;229,2557312;0,229255731
948;2023-07-25T09:00:00Z;169,7418564;0,169741856
949;2023-07-25T09:00:00Z;243,2605617;0,243260562
950;2023-07-25T09:00:00Z;195,5530421;0,195553042
951;2023-07-25T09:00:00Z;230,8946029;0,230894603
952;2023-07-25T10:00:00Z;193,2814054;0,193281405
953;2023-07-25T10:00:00Z;232,2074755;0,232207476
954;2023-07-25T10:00:00Z;199,8948199;0,19989482
955;2023-07-25T10:00:00Z;232,9530506;0,232953051
956;2023-07-25T11:00:00Z;187,5107539;0,187510754
957;2023-07-25T11:00:00Z;230,3695989;0,230369599
958;2023-07-25T11:00:00Z;177,2521455;0,177252145
959;2023-07-25T11:00:00Z;238,1289012;0,238128901
960;2023-07-25T12:00:00Z;188,8173372;0,188817337
961;2023-07-25T12:00:00Z;235,1740899;0,23517409
962;2023-07-25T12:00:00Z;161,8051484;0,161805148
963;2023-07-25T12:00:00Z;242,569025;0,242569025
964;2023-07-25T13:00:00Z;207,4364836;0,207436484
965;2023-07-25T13:00:00Z;239,4484918;0,239448492
966;2023-07-25T13:00:00Z;156,3585251;0,156358525
967;2023-07-25T13:00:00Z;242,7131436;0,242713144
968;2023-07-25T14:00:00Z;199,9224151;0,199922415
969;2023-07-25T14:00:00Z;228,6845119;0,228684512
970;2023-07-25T14:00:00Z;157,659948;0,157659948
971;2023-07-25T14:00:00Z;228,2903158;0,228290316
972;2023-07-25T15:00:00Z;153,046137;0,153046137
973;2023-07-25T15:00:00Z;225,5191966;0,225519197
974;2023-07-25T15:00:00Z;144,3285473;0,144328547
975;2023-07-25T15:00:00Z;229,3686826;0,229368683
976;2023-07-25T16:00:00Z;157,8921842;0,157892184
977;2023-07-25T16:00:00Z;230,4883329;0,230488333
978;2023-07-25T16:00:00Z;136,3698374;0,136369837
979;2023-07-25T16:00:00Z;237,5378027;0,237537803
980;2023-07-25T17:00:00Z;163,8043867;0,163804387
981;2023-07-25T17:00:00Z;234,0791159;0,234079116
982;2023-07-25T17:00:00Z;149,2707479;0,149270748
983;2023-07-25T17:00:00Z;240,7270836;0,240727084
984;2023-07-25T18:00:00Z;166,7931913;0,166793191
985;2023-07-25T18:00:00Z;219,6648963;0,219664896
986;2023-07-25T18:00:00Z;163,857819;0,163857819
987;2023-07-25T18:00:00Z;231,0867439;0,231086744
988;2023-07-25T19:00:00Z;146,7806742;0,146780674
989;2023-07-25T19:00:00Z;211,7008001;0,2117008
990;2023-07-25T19:00:00Z;158,9752739;0,158975274
991;2023-07-25T19:00:00Z;208,838849;0,208838849
992;2023-07-25T20:00:00Z;146,2973128;0,146297313
993;2023-07-25T20:00:00Z;202,5793597;0,20257936
994;2023-07-25T20:00:00Z;139,5029329;0,139502933
995;2023-07-25T20:00:00Z;201,5805929;0,201580593
996;2023-07-25T21:00:00Z;142,5039423;0,142503942
997;2023-07-25T21:00:00Z;204,3336278;0,204333628
998;2023-07-25T21:00:00Z;151,4552808;0,151455281
999;2023-07-25T21:00:00Z;235,3625108;0,235362511
1000;2023-07-25T22:00:00Z;160,2115132;0,160211513
1001;2023-07-25T22:00:00Z;243,197907;0,243197907
1002;2023-07-25T22:00:00Z;183,1242339;0,183124234
1003;2023-07-25T22:00:00Z;262,0127953;0,262012795
1004;2023-07-25T23:00:00Z;204,6863196;0,20468632
1005;2023-07-25T23:00:00Z;273,5556687;0,273555669
1006;2023-07-25T23:00:00Z;228,7075474;0,228707547
1007;2023-07-25T23:00:00Z;276,3578739;0,276357874
1008;2023-07-26T00:00:00Z;224,962412;0,224962412
1009;2023-07-26T00:00:00Z;275,4718966;0,275471897
1010;2023-07-26T00:00:00Z;257,3736155;0,257373615
1011;2023-07-26T00:00:00Z;258,1483102;0,25814831
1012;2023-07-26T01:00:00Z;248,7302268;0,248730227
1013;2023-07-26T01:00:00Z;290,9832969;0,290983297
1014;2023-07-26T01:00:00Z;276,0132567;0,276013257
1015;2023-07-26T01:00:00Z;279,4895294;0,279489529
1016;2023-07-26T02:00:00Z;247,7122241;0,247712224
1017;2023-07-26T02:00:00Z;290,5588959;0,290558896
1018;2023-07-26T02:00:00Z;270,8594898;0,27085949
1019;2023-07-26T02:00:00Z;281,0874872;0,281087487
1020;2023-07-26T03:00:00Z;295,0196322;0,295019632
1021;2023-07-26T03:00:00Z;303,4041259;0,303404126
1022;2023-07-26T03:00:00Z;263,4599261;0,263459926
1023;2023-07-26T03:00:00Z;307,3146755;0,307314676
1024;2023-07-26T04:00:00Z;243,1294792;0,243129479
1025;2023-07-26T04:00:00Z;304,6808146;0,304680815
1026;2023-07-26T04:00:00Z;235,7675216;0,235767522
1027;2023-07-26T04:00:00Z;291,3570713;0,291357071
1028;2023-07-26T05:00:00Z;230,0024999;0,2300025
1029;2023-07-26T05:00:00Z;283,6815192;0,283681519
1030;2023-07-26T05:00:00Z;222,900494;0,222900494
1031;2023-07-26T05:00:00Z;260,5212729;0,260521273
1032;2023-07-26T06:00:00Z;225,2414934;0,225241493
1033;2023-07-26T06:00:00Z;239,3320036;0,239332004
1034;2023-07-26T06:00:00Z;206,9075316;0,206907532
1035;2023-07-26T06:00:00Z;246,9294225;0,246929423
1036;2023-07-26T07:00:00Z;224,1288699;0,22412887
1037;2023-07-26T07:00:00Z;225,0002763;0,225000276
1038;2023-07-26T07:00:00Z;226,4470986;0,226447099
1039;2023-07-26T07:00:00Z;212,7801674;0,212780167
1040;2023-07-26T08:00:00Z;236,0390705;0,236039071
1041;2023-07-26T08:00:00Z;216,1940259;0,216194026
1042;2023-07-26T08:00:00Z;226,6684428;0,226668443
1043;2023-07-26T08:00:00Z;196,1402327;0,196140233
1044;2023-07-26T09:00:00Z;232,4557754;0,232455775
1045;2023-07-26T09:00:00Z;194,5803574;0,194580357
1046;2023-07-26T09:00:00Z;229,74828;0,22974828
1047;2023-07-26T09:00:00Z;176,4309239;0,176430924
1048;2023-07-26T10:00:00Z;240,0482036;0,240048204
1049;2023-07-26T10:00:00Z;195,8385324;0,195838532
1050;2023-07-26T10:00:00Z;238,1470735;0,238147073
1051;2023-07-26T10:00:00Z;174,7081488;0,174708149
1052;2023-07-26T11:00:00Z;234,4285416;0,234428542
1053;2023-07-26T11:00:00Z;191,2576586;0,191257659
1054;2023-07-26T11:00:00Z;238,5645713;0,238564571
1055;2023-07-26T11:00:00Z;170,7620214;0,170762021
1056;2023-07-26T12:00:00Z;253,4632705;0,25346327
1057;2023-07-26T12:00:00Z;188,3358635;0,188335864
1058;2023-07-26T12:00:00Z;242,7208801;0,24272088
1059;2023-07-26T12:00:00Z;175,7428567;0,175742857
1060;2023-07-26T13:00:00Z;245,0032805;0,24500328
1061;2023-07-26T13:00:00Z;195,807736;0,195807736
1062;2023-07-26T13:00:00Z;238,85244;0,23885244
1063;2023-07-26T13:00:00Z;176,0730809;0,176073081
1064;2023-07-26T14:00:00Z;246,0530611;0,246053061
1065;2023-07-26T14:00:00Z;199,545137;0,199545137
1066;2023-07-26T14:00:00Z;231,9083722;0,231908372
1067;2023-07-26T14:00:00Z;179,2729356;0,179272936
1068;2023-07-26T15:00:00Z;240,1548977;0,240154898
1069;2023-07-26T15:00:00Z;200,9198911;0,200919891
1070;2023-07-26T15:00:00Z;234,7742813;0,234774281
1071;2023-07-26T15:00:00Z;184,2754425;0,184275442
1072;2023-07-26T16:00:00Z;241,1829136;0,241182914
1073;2023-07-26T16:00:00Z;204,0648059;0,204064806
1074;2023-07-26T16:00:00Z;244,9942688;0,244994269
1075;2023-07-26T16:00:00Z;183,0125704;0,18301257
1076;2023-07-26T17:00:00Z;245,9655377;0,245965538
1077;2023-07-26T17:00:00Z;212,2453422;0,212245342
1078;2023-07-26T17:00:00Z;252,7701853;0,252770185
1079;2023-07-26T17:00:00Z;197,1654372;0,197165437
1080;2023-07-26T18:00:00Z;234,4016279;0,234401628
1081;2023-07-26T18:00:00Z;213,0577159;0,213057716
1082;2023-07-26T18:00:00Z;222,5538788;0,222553879
1083;2023-07-26T18:00:00Z;205,205215;0,205205215
1084;2023-07-26T19:00:00Z;212,853967;0,212853967
1085;2023-07-26T19:00:00Z;197,6220717;0,197622072
1086;2023-07-26T19:00:00Z;197,5985399;0,19759854
1087;2023-07-26T19:00:00Z;199,6325692;0,199632569
1088;2023-07-26T20:00:00Z;195,538731;0,195538731
1089;2023-07-26T20:00:00Z;186,5040895;0,186504089
1090;2023-07-26T20:00:00Z;193,2996566;0,193299657
1091;2023-07-26T20:00:00Z;196,0265522;0,196026552
1092;2023-07-26T21:00:00Z;214,4176738;0,214417674
1093;2023-07-26T21:00:00Z;207,2709861;0,207270986
1094;2023-07-26T21:00:00Z;196,2984865;0,196298486
1095;2023-07-26T21:00:00Z;223,4532853;0,223453285
1096;2023-07-26T22:00:00Z;225,3783884;0,225378388
1097;2023-07-26T22:00:00Z;226,4168844;0,226416884
1098;2023-07-26T22:00:00Z;206,9613064;0,206961306
1099;2023-07-26T22:00:00Z;225,2979477;0,225297948
1100;2023-07-26T23:00:00Z;240,8882441;0,240888244
1101;2023-07-26T23:00:00Z;236,1944049;0,236194405
1102;2023-07-26T23:00:00Z;243,7514645;0,243751464
1103;2023-07-26T23:00:00Z;214,1502247;0,214150225
1104;2023-07-27T00:00:00Z;262,1568591;0,262156859
1105;2023-07-27T00:00:00Z;253,7501481;0,253750148
1106;2023-07-27T00:00:00Z;274,1282054;0,274128205
1107;2023-07-27T00:00:00Z;272,2185521;0,272218552
1108;2023-07-27T01:00:00Z;275,5047734;0,275504773
1109;2023-07-27T01:00:00Z;261,5127437;0,261512744
1110;2023-07-27T01:00:00Z;289,5100491;0,289510049
1111;2023-07-27T01:00:00Z;284,1172882;0,284117288
1112;2023-07-27T02:00:00Z;287,350056;0,287350056
1113;2023-07-27T02:00:00Z;271,294485;0,271294485
1114;2023-07-27T02:00:00Z;292,1384465;0,292138446
1115;2023-07-27T02:00:00Z;296,5947042;0,296594704
1116;2023-07-27T03:00:00Z;283,3590891;0,283359089
1117;2023-07-27T03:00:00Z;269,7151162;0,269715116
1118;2023-07-27T03:00:00Z;288,130933;0,288130933
1119;2023-07-27T03:00:00Z;292,3721206;0,292372121
1120;2023-07-27T04:00:00Z;261,1735552;0,261173555
1121;2023-07-27T04:00:00Z;259,7739569;0,259773957
1122;2023-07-27T04:00:00Z;267,620267;0,267620267
1123;2023-07-27T04:00:00Z;269,7120082;0,269712008
1124;2023-07-27T05:00:00Z;236,0883491;0,236088349
1125;2023-07-27T05:00:00Z;244,4874522;0,244487452
1126;2023-07-27T05:00:00Z;236,1601327;0,236160133
1127;2023-07-27T05:00:00Z;243,6536085;0,243653609
1128;2023-07-27T06:00:00Z;215,2860619;0,215286062
1129;2023-07-27T06:00:00Z;217,1364888;0,217136489
1130;2023-07-27T06:00:00Z;208,0127979;0,208012798
1131;2023-07-27T06:00:00Z;225,7934312;0,225793431
1132;2023-07-27T07:00:00Z;229,7005152;0,229700515
1133;2023-07-27T07:00:00Z;212,8413122;0,212841312
1134;2023-07-27T07:00:00Z;218,2453403;0,21824534
1135;2023-07-27T07:00:00Z;233,711714;0,233711714
1136;2023-07-27T08:00:00Z;221,1893842;0,221189384
1137;2023-07-27T08:00:00Z;217,0715477;0,217071548
1138;2023-07-27T08:00:00Z;237,756274;0,237756274
1139;2023-07-27T08:00:00Z;232,750676;0,232750676
1140;2023-07-27T09:00:00Z;228,9678543;0,228967854
1141;2023-07-27T09:00:00Z;221,9660146;0,221966015
1142;2023-07-27T09:00:00Z;249,5148991;0,249514899
1143;2023-07-27T09:00:00Z;222,7820055;0,222782005
1144;2023-07-27T10:00:00Z;234,1928706;0,234192871
1145;2023-07-27T10:00:00Z;211,6490117;0,211649012
1146;2023-07-27T10:00:00Z;263,2097842;0,263209784
1147;2023-07-27T10:00:00Z;220,6047499;0,22060475
1148;2023-07-27T11:00:00Z;228,4271093;0,228427109
1149;2023-07-27T11:00:00Z;214,8527509;0,214852751
1150;2023-07-27T11:00:00Z;241,0089762;0,241008976
1151;2023-07-27T11:00:00Z;224,6014507;0,224601451
1152;2023-07-27T12:00:00Z;183,6714953;0,183671495
1153;2023-07-27T12:00:00Z;215,0148984;0,215014898
1154;2023-07-27T12:00:00Z;214,0881529;0,214088153
1155;2023-07-27T12:00:00Z;224,5175473;0,224517547
1156;2023-07-27T13:00:00Z;163,2791522;0,163279152
1157;2023-07-27T13:00:00Z;211,2234383;0,211223438
1158;2023-07-27T13:00:00Z;185,2167674;0,185216767
1159;2023-07-27T13:00:00Z;216,5166486;0,216516649
1160;2023-07-27T14:00:00Z;176,3820173;0,176382017
1161;2023-07-27T14:00:00Z;206,7206754;0,206720675
1162;2023-07-27T14:00:00Z;174,1036003;0,1741036
1163;2023-07-27T14:00:00Z;213,538923;0,213538923
1164;2023-07-27T15:00:00Z;168,5968302;0,16859683
1165;2023-07-27T15:00:00Z;201,9952302;0,20199523
1166;2023-07-27T15:00:00Z;181,1338909;0,181133891
1167;2023-07-27T15:00:00Z;202,6622577;0,202662258
1168;2023-07-27T16:00:00Z;172,5951111;0,172595111
1169;2023-07-27T16:00:00Z;199,8096384;0,199809638
1170;2023-07-27T16:00:00Z;199,2946597;0,19929466
1171;2023-07-27T16:00:00Z;211,842188;0,211842188
1172;2023-07-27T17:00:00Z;183,0097665;0,183009766
1173;2023-07-27T17:00:00Z;209,2511772;0,209251177
1174;2023-07-27T17:00:00Z;194,3665575;0,194366557
1175;2023-07-27T17:00:00Z;221,8103699;0,22181037
1176;2023-07-27T18:00:00Z;178,825939;0,178825939
1177;2023-07-27T18:00:00Z;213,1032607;0,213103261
1178;2023-07-27T18:00:00Z;198,6969903;0,19869699
1179;2023-07-27T18:00:00Z;216,9028507;0,216902851
1180;2023-07-27T19:00:00Z;178,279665;0,178279665
1181;2023-07-27T19:00:00Z;189,4672508;0,189467251
1182;2023-07-27T19:00:00Z;182,2745601;0,18227456
1183;2023-07-27T19:00:00Z;196,1569858;0,196156986
1184;2023-07-27T20:00:00Z;177,1205591;0,177120559
1185;2023-07-27T20:00:00Z;181,5648243;0,181564824
1186;2023-07-27T20:00:00Z;182,9616377;0,182961638
1187;2023-07-27T20:00:00Z;199,2329325;0,199232933
1188;2023-07-27T21:00:00Z;199,7809996;0,199781
1189;2023-07-27T21:00:00Z;187,6683128;0,187668313
1190;2023-07-27T21:00:00Z;213,1194709;0,213119471
1191;2023-07-27T21:00:00Z;213,2235917;0,213223592
1192;2023-07-27T22:00:00Z;204,6161137;0,204616114
1193;2023-07-27T22:00:00Z;209,5791967;0,209579197
1194;2023-07-27T22:00:00Z;216,8532225;0,216853222
1195;2023-07-27T22:00:00Z;241,4457804;0,24144578
1196;2023-07-27T23:00:00Z;227,731107;0,227731107
1197;2023-07-27T23:00:00Z;218,3065583;0,218306558
1198;2023-07-27T23:00:00Z;236,299322;0,236299322
1199;2023-07-27T23:00:00Z;261,1643031;0,261164303
1200;2023-07-28T00:00:00Z;261,2912226;0,261291223
1201;2023-07-28T00:00:00Z;241,7340307;0,241734031
1202;2023-07-28T00:00:00Z;235,9618597;0,23596186
1203;2023-07-28T00:00:00Z;240,6886053;0,240688605
1204;2023-07-28T01:00:00Z;264,7311975;0,264731198
1205;2023-07-28T01:00:00Z;237,3220854;0,237322085
1206;2023-07-28T01:00:00Z;245,9319906;0,245931991
1207;2023-07-28T01:00:00Z;247,2179649;0,247217965
1208;2023-07-28T02:00:00Z;283,3395841;0,283339584
1209;2023-07-28T02:00:00Z;243,9897851;0,243989785
1210;2023-07-28T02:00:00Z;264,0636972;0,264063697
1211;2023-07-28T02:00:00Z;253,3480772;0,253348077
1212;2023-07-28T03:00:00Z;291,1687513;0,291168751
1213;2023-07-28T03:00:00Z;243,2576637;0,243257664
1214;2023-07-28T03:00:00Z;284,3016298;0,28430163
1215;2023-07-28T03:00:00Z;265,1524095;0,265152409
1216;2023-07-28T04:00:00Z;244,1004527;0,244100453
1217;2023-07-28T04:00:00Z;226,4377749;0,226437775
1218;2023-07-28T04:00:00Z;245,7524218;0,245752422
1219;2023-07-28T04:00:00Z;238,3986533;0,238398653
1220;2023-07-28T05:00:00Z;223,6989866;0,223698987
1221;2023-07-28T05:00:00Z;209,4007048;0,209400705
1222;2023-07-28T05:00:00Z;196,803814;0,196803814
1223;2023-07-28T05:00:00Z;201,9005037;0,201900504
1224;2023-07-28T06:00:00Z;208,6243515;0,208624352
1225;2023-07-28T06:00:00Z;194,8373492;0,194837349
1226;2023-07-28T06:00:00Z;195,5613418;0,195561342
1227;2023-07-28T06:00:00Z;187,9699036;0,187969904
1228;2023-07-28T07:00:00Z;211,2276234;0,211227623
1229;2023-07-28T07:00:00Z;201,2350648;0,201235065
1230;2023-07-28T07:00:00Z;213,4657176;0,213465718
1231;2023-07-28T07:00:00Z;200,8026803;0,20080268
1232;2023-07-28T08:00:00Z;219,6446067;0,219644607
1233;2023-07-28T08:00:00Z;177,3669665;0,177366967
1234;2023-07-28T08:00:00Z;228,0118897;0,22801189
1235;2023-07-28T08:00:00Z;206,953414;0,206953414
1236;2023-07-28T09:00:00Z;222,9377276;0,222937728
1237;2023-07-28T09:00:00Z;177,4553969;0,177455397
1238;2023-07-28T09:00:00Z;236,2760615;0,236276062
1239;2023-07-28T09:00:00Z;208,3023667;0,208302367
1240;2023-07-28T10:00:00Z;235,2790339;0,235279034
1241;2023-07-28T10:00:00Z;172,1293254;0,172129325
1242;2023-07-28T10:00:00Z;234,1877269;0,234187727
1243;2023-07-28T10:00:00Z;208,0130841;0,208013084
1244;2023-07-28T11:00:00Z;222,9375909;0,222937591
1245;2023-07-28T11:00:00Z;178,0897038;0,178089704
1246;2023-07-28T11:00:00Z;223,8259516;0,223825952
1247;2023-07-28T11:00:00Z;210,2726304;0,21027263
1248;2023-07-28T12:00:00Z;219,9709134;0,219970913
1249;2023-07-28T12:00:00Z;175,0644479;0,175064448
1250;2023-07-28T12:00:00Z;215,5129665;0,215512967
1251;2023-07-28T12:00:00Z;203,4776862;0,203477686
1252;2023-07-28T13:00:00Z;204,3083121;0,204308312
1253;2023-07-28T13:00:00Z;160,1721145;0,160172115
1254;2023-07-28T13:00:00Z;196,0101184;0,196010118
1255;2023-07-28T13:00:00Z;190,1484778;0,190148478
1256;2023-07-28T14:00:00Z;208,0066659;0,208006666
1257;2023-07-28T14:00:00Z;156,9260279;0,156926028
1258;2023-07-28T14:00:00Z;188,8273848;0,188827385
1259;2023-07-28T14:00:00Z;194,0691992;0,194069199
1260;2023-07-28T15:00:00Z;205,0853479;0,205085348
1261;2023-07-28T15:00:00Z;155,7933664;0,155793366
1262;2023-07-28T15:00:00Z;192,5914935;0,192591494
1263;2023-07-28T15:00:00Z;196,0990043;0,196099004
1264;2023-07-28T16:00:00Z;197,6853628;0,197685363
1265;2023-07-28T16:00:00Z;164,8006264;0,164800626
1266;2023-07-28T16:00:00Z;200,9839221;0,200983922
1267;2023-07-28T16:00:00Z;200,6375974;0,200637597
1268;2023-07-28T17:00:00Z;191,6844621;0,191684462
1269;2023-07-28T17:00:00Z;166,8145181;0,166814518
1270;2023-07-28T17:00:00Z;210,9598557;0,210959856
1271;2023-07-28T17:00:00Z;203,9038354;0,203903835
1272;2023-07-28T18:00:00Z;183,5069251;0,183506925
1273;2023-07-28T18:00:00Z;169,6165159;0,169616516
1274;2023-07-28T18:00:00Z;188,3761014;0,188376101
1275;2023-07-28T18:00:00Z;188,0007939;0,188000794
1276;2023-07-28T19:00:00Z;190,8596864;0,190859686
1277;2023-07-28T19:00:00Z;152,6024125;0,152602413
1278;2023-07-28T19:00:00Z;179,8362091;0,179836209
1279;2023-07-28T19:00:00Z;175,3012467;0,175301247
1280;2023-07-28T20:00:00Z;180,3724625;0,180372462
1281;2023-07-28T20:00:00Z;144,750868;0,144750868
1282;2023-07-28T20:00:00Z;176,6592745;0,176659275
1283;2023-07-28T20:00:00Z;177,6504436;0,177650444
1284;2023-07-28T21:00:00Z;214,8400934;0,214840093
1285;2023-07-28T21:00:00Z;171,3858362;0,171385836
1286;2023-07-28T21:00:00Z;202,1212701;0,20212127
1287;2023-07-28T21:00:00Z;188,1105783;0,188110578
1288;2023-07-28T22:00:00Z;233,9045819;0,233904582
1289;2023-07-28T22:00:00Z;190,7749388;0,190774939
1290;2023-07-28T22:00:00Z;213,1883987;0,213188399
1291;2023-07-28T22:00:00Z;211,5288443;0,211528844
1292;2023-07-28T23:00:00Z;251,847214;0,251847214
1293;2023-07-28T23:00:00Z;210,3361732;0,210336173
1294;2023-07-28T23:00:00Z;223,7832755;0,223783275
1295;2023-07-28T23:00:00Z;219,9381118;0,219938112
1296;2023-07-29T00:00:00Z;224,4496436;0,224449644
1297;2023-07-29T00:00:00Z;184,8728515;0,184872852
1298;2023-07-29T00:00:00Z;195,5538802;0,19555388
1299;2023-07-29T00:00:00Z;222,8710553;0,222871055
1300;2023-07-29T01:00:00Z;211,9668689;0,211966869
1301;2023-07-29T01:00:00Z;197,399819;0,197399819
1302;2023-07-29T01:00:00Z;201,0892493;0,201089249
1303;2023-07-29T01:00:00Z;218,5517246;0,218551725
1304;2023-07-29T02:00:00Z;210,3761813;0,210376181
1305;2023-07-29T02:00:00Z;198,8277402;0,19882774
1306;2023-07-29T02:00:00Z;209,6503862;0,209650386
1307;2023-07-29T02:00:00Z;225,8845126;0,225884513
1308;2023-07-29T03:00:00Z;214,2198028;0,214219803
1309;2023-07-29T03:00:00Z;203,6905751;0,203690575
1310;2023-07-29T03:00:00Z;201,6711102;0,20167111
1311;2023-07-29T03:00:00Z;244,8125034;0,244812503
1312;2023-07-29T04:00:00Z;226,1418523;0,226141852
1313;2023-07-29T04:00:00Z;187,9684994;0,187968499
1314;2023-07-29T04:00:00Z;211,9532786;0,211953279
1315;2023-07-29T04:00:00Z;228,9107814;0,228910781
1316;2023-07-29T05:00:00Z;216,4243301;0,21642433
1317;2023-07-29T05:00:00Z;176,0421587;0,176042159
1318;2023-07-29T05:00:00Z;208,2485719;0,208248572
1319;2023-07-29T05:00:00Z;225,1506914;0,225150691
1320;2023-07-29T06:00:00Z;198,3051073;0,198305107
1321;2023-07-29T06:00:00Z;177,8812653;0,177881265
1322;2023-07-29T06:00:00Z;199,0669281;0,199066928
1323;2023-07-29T06:00:00Z;224,3033361;0,224303336
1324;2023-07-29T07:00:00Z;174,0077219;0,174007722
1325;2023-07-29T07:00:00Z;167,0139859;0,167013986
1326;2023-07-29T07:00:00Z;185,8498184;0,185849818
1327;2023-07-29T07:00:00Z;209,3735159;0,209373516
1328;2023-07-29T08:00:00Z;152,5172508;0,152517251
1329;2023-07-29T08:00:00Z;164,1378499;0,16413785
1330;2023-07-29T08:00:00Z;173,8963367;0,173896337
1331;2023-07-29T08:00:00Z;191,5596334;0,191559633
1332;2023-07-29T09:00:00Z;144,1651265;0,144165127
1333;2023-07-29T09:00:00Z;163,1308309;0,163130831
1334;2023-07-29T09:00:00Z;155,0784765;0,155078476
1335;2023-07-29T09:00:00Z;186,9430206;0,186943021
1336;2023-07-29T10:00:00Z;160,1098496;0,16010985
1337;2023-07-29T10:00:00Z;160,7525837;0,160752584
1338;2023-07-29T10:00:00Z;159,8620693;0,159862069
1339;2023-07-29T10:00:00Z;179,3093133;0,179309313
1340;2023-07-29T11:00:00Z;152,0450187;0,152045019
1341;2023-07-29T11:00:00Z;154,5952888;0,154595289
1342;2023-07-29T11:00:00Z;150,1661081;0,150166108
1343;2023-07-29T11:00:00Z;178,2836186;0,178283619
1344;2023-07-29T12:00:00Z;141,5957471;0,141595747
1345;2023-07-29T12:00:00Z;146,4805867;0,146480587
1346;2023-07-29T12:00:00Z;142,8531371;0,142853137
1347;2023-07-29T12:00:00Z;187,7255356;0,187725536
1348;2023-07-29T13:00:00Z;132,268355;0,132268355
1349;2023-07-29T13:00:00Z;163,6885379;0,163688538
1350;2023-07-29T13:00:00Z;143,4057952;0,143405795
1351;2023-07-29T13:00:00Z;182,3243452;0,182324345
1352;2023-07-29T14:00:00Z;142,9399007;0,142939901
1353;2023-07-29T14:00:00Z;157,0620143;0,157062014
1354;2023-07-29T14:00:00Z;166,4929186;0,166492919
1355;2023-07-29T14:00:00Z;186,0016173;0,186001617
1356;2023-07-29T15:00:00Z;128,9887052;0,128988705
1357;2023-07-29T15:00:00Z;144,5163016;0,144516302
1358;2023-07-29T15:00:00Z;172,4407913;0,172440791
1359;2023-07-29T15:00:00Z;179,5134864;0,179513486
1360;2023-07-29T16:00:00Z;143,520946;0,143520946
1361;2023-07-29T16:00:00Z;147,3384176;0,147338418
1362;2023-07-29T16:00:00Z;183,0615051;0,183061505
1363;2023-07-29T16:00:00Z;185,6150817;0,185615082
1364;2023-07-29T17:00:00Z;166,7935468;0,166793547
1365;2023-07-29T17:00:00Z;149,7403703;0,14974037
1366;2023-07-29T17:00:00Z;174,3203553;0,174320355
1367;2023-07-29T17:00:00Z;190,2385952;0,190238595
1368;2023-07-29T18:00:00Z;142,4431967;0,142443197
1369;2023-07-29T18:00:00Z;141,3107837;0,141310784
1370;2023-07-29T18:00:00Z;144,7816621;0,144781662
1371;2023-07-29T18:00:00Z;179,2421284;0,179242128
1372;2023-07-29T19:00:00Z;151,9039105;0,151903911
1373;2023-07-29T19:00:00Z;118,616475;0,118616475
1374;2023-07-29T19:00:00Z;146,6023224;0,146602322
1375;2023-07-29T19:00:00Z;169,7244248;0,169724425
1376;2023-07-29T20:00:00Z;139,5606903;0,13956069
1377;2023-07-29T20:00:00Z;115,9151368;0,115915137
1378;2023-07-29T20:00:00Z;142,3176549;0,142317655
1379;2023-07-29T20:00:00Z;159,3986471;0,159398647
1380;2023-07-29T21:00:00Z;154,1379996;0,154138
1381;2023-07-29T21:00:00Z;127,2044809;0,127204481
1382;2023-07-29T21:00:00Z;156,053389;0,156053389
1383;2023-07-29T21:00:00Z;167,4926308;0,167492631
1384;2023-07-29T22:00:00Z;175,7246751;0,175724675
1385;2023-07-29T22:00:00Z;138,9097668;0,138909767
1386;2023-07-29T22:00:00Z;156,787054;0,156787054
1387;2023-07-29T22:00:00Z;190,3379926;0,190337993
1388;2023-07-29T23:00:00Z;179,053805;0,179053805
1389;2023-07-29T23:00:00Z;158,2240527;0,158224053
1390;2023-07-29T23:00:00Z;171,3796325;0,171379633
1391;2023-07-29T23:00:00Z;208,9778035;0,208977803
